1,Superadministrator,superadministrator@app.com,,$2y$10$VS00xL6m.o0kofWAzE7P3O4SRtppHBNtmZI.xCPN1yl.FQDBru3y2,"",,2019-11-01 15:04:23,2020-02-04 20:06:38,superadministrator,"",
2,Administrator,administrator@app.com,,$1$ylQYPW5v$/.y/4XykryYl/I2gFPIFf1,"",,2019-11-01 15:04:26,2020-04-15 15:51:55,administrator,"Hello, I''m Administrator of this project.",
3,Editor,editor@app.com,,$2y$10$SfBRQIJdui5vbLvJAMwH7.GZjwTUWZS8hmHMHJtCV.eBlPX5AbBIS,"",,2019-11-01 15:04:27,2020-02-04 19:58:40,editor,"",
4,Author,author@app.com,,$2y$12$tzUM/rYIUTYIyj3.5s1CV.tQALUCORFz/3o.6cTfp1udD/.aPMD7W,"",,2019-11-01 15:04:28,2019-11-01 15:04:28,author,"",
5,Contributor,contributor@app.com,,$2y$10$VDjedxsTqB7qTbp2ByUVbO2OLtwQlQnYS2rp8n4gVL4tWK0ih9CZu,"",,2019-11-01 15:04:29,2019-11-01 15:04:29,contributor,"",
6,Subscriber,subscriber@app.com,,$2y$10$2Fx6le.geztuP9i6pSs1D.6OI9kgBFFm2x.3i9B4CEXczJqhuiwnu,"",,2019-11-01 15:04:30,2019-11-01 15:04:30,subscriber,"",
7,Support,support@app.com,,$2y$10$Ys6BW5mBVl.7t.Ap/0t.0.685p7Dd4r7IIg/Z6AwCM47K2B/XKoEi,"",,2019-11-01 15:04:31,2019-11-01 15:04:31,support,"",
8,Advisor,adviso@app.com,,$1$usttLaAZ$.ti.B13N8iiaRWYggcHu1.,"",,2020-02-03 18:20:26,2020-07-06 20:25:32,adviso,Poradce projektu.,
10,Advisor4,advisor4@app.com,,$1$6cW9Gavh$e5KH2yv6cPHNPV5DXFysB0,"",,2020-02-03 19:38:08,2020-02-03 19:38:08,advisor4,"",
12,Facebookaccount,facebook@app.com,,$2y$12$RVMq4k7zMuIRqLowYUJCe.35.eRRWwAWS2VKcTzQ/rLFwivOfpud.,"",,,,facebook,"",
22,Bot Ferdinand 2.0,ferdinand@outlook.com,,$1$x2vLEwbh$Y3NUA2flOVaZqosYZWQ1S.,"",,2020-06-01 19:57:59,2020-06-01 19:57:59,bot-ferdinand,"Jsem Bot Ferdinand a hlídám nové články, které vyšly na Idnes.cz",
211,franta,franta@slaby.cz,,$1$tRe6IwUq$Z5HXBMAyRbfF4qotNqIo/0,"",,2021-03-04 21:51:51,2021-03-04 21:51:51,"","",
221,franta2,franta2@slaby.cz,,$1$V1q1Hucw$zYXM5X0WNwu8FqfznXo7k1,"",,2021-03-06 15:45:22,2021-03-06 15:45:22,"","",
231,franta3,franta3@slaby.cz,,$1$8XhFtwiu$sUzG4canhpc6BCpQwv34v1,"",,2021-03-06 15:48:58,2021-03-06 15:48:58,"","",
241,franta4,franta4@slaby.cz,,$1$Uzy5/iDe$UCxrZHOtDsGO9QdDzjAhZ0,"",,2021-03-06 15:50:33,2021-03-06 15:50:33,"","",
251,franta5,franta5@slaby.cz,,$1$vyKCyBnq$0vm31/eEVsyPj8zk.ESwx1,"",,2021-03-06 15:52:32,2021-03-06 15:52:32,"","",
261,Jan Novák,jan@novak.cz,,$1$20w.jUTM$z/hTYpA2WLWgh/AdDqfKi.,"",,2021-03-08 08:56:08,2021-03-08 08:56:08,"","",
271,Jiří Novák,jiri@novak.cz,,$1$4KY4J6Tl$SqU57W0fhUk1vvefcuKmU1,"",,2021-03-08 09:00:32,2021-03-08 09:00:32,"","",
291,jirinovak,jirka@novak.cz,,$1$U38139Lk$rITnhbEmRihpNKw.9Nxj3.,"",,2021-03-08 09:13:20,2021-03-08 09:13:20,"","",
301,franta,franta6@slaby.cz,,$1$wURGwG2o$dIac8Rt0qPQ7MUPsIS6Rn.,"",,2021-03-08 09:46:21,2021-03-08 09:46:21,"","",
311,franta7,franta7@slaby.cz,,$1$4dv3xEO9$phNjXwoFIGsRmHMboLOfg1,"",,2021-03-08 09:47:49,2021-03-08 09:47:49,"","",
321,franta8,franta8@slaby.cz,,$1$4uvo940R$kWX.WZoAN7BgJ8PICfyR//,"",,2021-03-08 09:49:22,2021-03-08 09:49:22,"","",
331,franta9,franta9@slaby.cz,,$1$1v2AXtW/$g8O4oBRJu.dLhSd6h3Myw.,"",,2021-03-08 09:50:35,2021-03-08 09:50:35,"","",
341,franta10,franta10@slaby.cz,,$1$jEOeusvp$y9Ekj1TXDeMPECH6149GZ.,"",,2021-03-08 09:52:44,2021-03-08 09:52:44,"","",
351,patrik,patrik@patrik.cz,,$1$hpiNOsIu$I6VF5qnQDFqey7nE2YHfP/,"",,2021-03-08 09:55:34,2021-03-08 09:55:34,"","",
361,test-user,test@user.cz,,$1$ovzre9d1$9VWde7.R1Mi5z6r9PdBlB.,"",,2021-03-28 21:56:09,2021-03-28 21:56:09,"","",
371,test-user2,test2@user.cz,,$1$Wchm3pH9$XLTpl6ElQxx7Jky6DOERb/,"",,2021-03-30 12:26:44,2021-03-30 12:26:44,"","",
381,test-user3,test3@user.cz,,$1$rSiDbity$heyhXe6NoxuL5m8Uo0KxO/,"",,2021-03-30 12:45:43,2021-03-30 12:45:43,"","",
391,test-user4,test4@user.cz,,$1$3mYI50VK$6B0OwXH2lqtozqfyVGaY/1,"",,2021-03-30 12:51:03,2021-03-30 12:51:03,"","",
401,test-user5,test5@user.cz,,$1$/.ohVbCj$ZFieQwG1aGHNt5t.atPmL/,"",,2021-03-30 13:04:43,2021-03-30 13:04:43,"","",
411,test-user6,test6@user.cz,,$1$Rojmw0I4$3dx5MdU7327COJeG2mbRz/,"",,2021-03-30 13:12:45,2021-03-30 13:12:45,"","",
421,test-user7,test7@user.cz,,$1$yWLiwJFo$alr684Rt1YTvOHPOesn31.,"",,2021-03-30 13:18:04,2021-03-30 13:18:04,"","",
431,test-user8,test8@user.cz,,$1$KDusjerD$9GpGGTtQLvHHcOAfUZ5iE0,"",,2021-03-30 13:25:38,2021-03-30 13:25:38,"","",
441,test-user9,test9@user.cz,,$1$hsy.04xO$68dtqTGnDBrQmArIhMtpv1,"",,2021-03-30 13:31:47,2021-03-30 13:31:47,"","",
451,test-user10,test10@user.cz,,$1$uxCTDIpw$tesxzWH1IrSKF87peL.3Z1,"",,2021-03-30 13:41:23,2021-03-30 13:41:23,"","",
461,test-user11,test11@user.cz,,$1$H50HE.Nf$IJA.ok/kruGJ8nSODonGi0,"",,2021-04-06 21:12:57,2021-04-06 21:12:57,,,
462,test-user12,test12@user.cz,,$1$nnAQmo0U$CbR6VtFYLOije2zGNbxvf0,"",,2021-04-06 21:41:31,2021-04-06 21:41:31,,,
463,test-user13,test13@user.cz,,$1$5n8gSWVg$CMRVcOl9hESKkJQ32XrxK1,"",,2021-04-06 21:57:10,2021-04-06 21:57:10,,,
464,test-user14,test14@user.cz,,$1$YOp.DmUH$psC8HNOtRce1ntjyZSbiN0,"",,2021-10-01 13:41:27,2021-10-01 13:41:27,,,
465,test-user15,test15@user.cz,,$1$FM3doPxA$GUAZ0eUsU/gRg30VQAnvO1,"",,2021-10-02 23:43:21,2021-10-02 23:43:21,,,
466,test-user131,test-user131@user.cz,,$1$95dKpix3$tzKe1HEAn9PvSe/VbaW0G/,"",,2021-10-03 18:52:36,2021-10-03 18:52:36,,,
467,test-user20,test20@user.cz,,$1$ZTouWY6M$QCN.qLA63soMNOI0sJ8Q50,"",,2021-10-07 15:11:08,2021-10-07 15:11:08,,,
468,test-user22,test22@user.cz,,$1$POmthoC6$FYc8ZOgsrhP7oNscQ8qGw/,"",,2021-10-07 15:11:21,2021-10-07 15:11:21,,,
469,test-user23,test23@user.cz,,$1$0Ku/Ue2s$W5tBnqJSvo3owxd3zrAey/,"",,2021-10-07 15:13:25,2021-10-07 15:13:25,,,
470,test-user34,test34@user.cz,,$1$zZWfXETP$zt6gDWQeuS6QbRTiUhAcy/,"",,2021-10-08 10:14:00,2021-10-08 10:14:00,,,
471,test-user31,test31@user.cz,,$1$lqR89f4f$KNuXcxIb5W1pjyLczgSn0.,"",,2021-10-08 10:14:00,2021-10-08 10:14:00,,,
472,test-user33,test33@user.cz,,$1$hcgMtQ.G$Ir9zZIGHkjB4Y4C40xauk.,"",,2021-10-08 10:14:03,2021-10-08 10:14:03,,,
473,test-user32,test32@user.cz,,$1$UrdAP9v3$Uhn4bsv0SjXt8VKEQY3ZM.,"",,2021-10-08 10:14:04,2021-10-08 10:14:04,,,
474,test-user35,test35@user.cz,,$1$f8w7aZnF$8wRRm559RHpH6J9bkHyO40,"",,2021-10-08 10:14:38,2021-10-08 10:14:38,,,
